Title,Author,Price
A Vintage Vogue Magazine Cover Of A Woman Print,Andre E.  Marty,$100
The Look of Love Print,Sue Halstenberg,$17
Giraffe Days Lets Tandem Print,Bri Buckley,$20
Audrey Hepburn Print,Retro Images Archive,$17
High Standards Print,My Inspiration,$24
"Love, from Paris Print",Steve Henderson,$27
Vogue Cover Illustration Of A Woman Peering Print,Carl Oscar August Erickson,$100
A Vogue Cover Of A Woman On A Beach Print,Helen Dryden,$100
A Vintage Vogue Magazine Cover Of A Woman Print,Georges Lepape,$100
Audrey Hepburn Print,Retro Images Archive,$17
Drink Coca-Cola 2 Print,Scott Norris,$28
Vogue Cover Featuring Various Accessories Print,Richard Rutledge,$100
A Vintage Vogue Magazine Cover Of A Woman Print,Eduardo Garcia Benito,$100
Vogue Cover Illustration Of A Woman Balancing Print,Horst P Horst,$100
Man Kissing a Womans Hand Print,Beverly Brown,$34
A Vintage Vogue Magazine Cover Of A Woman Print,Eduardo Garcia Benito,$100
The Traveler Print,Steve Henderson,$27
Into You Print,Steve Henderson,$27
Shoes Can Change Your Life Print,My Inspiration,$24
Vogue Cover Illustration Of A Woman Reading Print,Rene Bouet-Willaumez,$100
A Vogue Cover Of Sarah Thom Wearing A Blue Hat Print,Richard Rutledge,$100
A Vogue Cover Of Anne Gunning Under An Umbrella Print,Karen Radkai,$100
A Vogue Cover Of Models Wearing Lilly Dache Hats Print,Richard Rutledge,$100
Vespa Girl Print,Sassan Filsoof,$22
Hat And Houses Print,Anka Zhuravleva,$81
In Red Print,Constantin Shestopalov,$22
Vintage Perfume Print,Lanie Loreth,$22
A Vogue Cover Of Lucinda Hollingsworth With A Fur Print,Karen Radkai,$100
Pink Champagne Fashion Art Print,Beverly Brown,$34
Elegant 69 Vogue  Print,Paul Lovering,$40
A Study in blue Print,Anka Zhuravleva,$81
Elegant French Shoes 2 Print,Debbie DeWitt,$25
Maison de Mode 1 Print,Debbie DeWitt,$25
Vintage Vogue Cover Of Woman With Rooster Print,Artist Unknown,$100
Audrey Hepburn  Print,Paul Lovering,$42
A Vintage Vogue Magazine Cover Of A Woman Print,Eduardo Garcia Benito,$100
1920s France La Vie Parisienne Magazine Print,The Advertising Archives,$17
RUBY HEELS BW Palm Springs Print,William Dey,$55
A Vogue Cover Of Dolores Hawkins With A Floral Print,William Bell,$100
A Vintage Vogue Magazine Cover Of A Woman Print,Harriet Meserole,$100
A Vogue Cover Of Jessica Ford With Flowers Print,Karen Radkai,$100
A Vintage Vogue Magazine Cover Of A Woman Print,Harriet Meserole,$100
1920s France La Vie Parisienne Magazine Print,The Advertising Archives,$17
A Vintage Vogue Magazine Cover Of An African Print,Eduardo Garcia Benito,$100
Vintage French Champagne Print,Mindy Sommers,$27
Antique Map of Ireland showing the Provinces Print,Johann Baptist Homann,$22
Art Deco Fashion Peacock Print,Mindy Sommers,$27
A Vogue Cover Of Joanna Mccormick Wearing Print,Richard Rutledge,$100
Paris - Ooh la la Fashion Eiffel Tower Chandelier Perfume Bottle Print,Audrey Jeanne Roberts,$25
Vogue Cover Illustration Of A Woman Walking Print,Rene Bouet-Willaumez,$100
Conquer The World Print,My Inspiration,$24
A Vintage Vogue Magazine Cover Of A Woman Print,Pierre Mourgue,$100
A Vintage Vogue Magazine Cover Of A Woman Print,Georges Lepape,$100
A Vintage Vogue Magazine Cover Of A Woman Print,Pierre Mourgue,$100
Art Deco Fashion illustration Print,Tina Lavoie,$22
A Vogue Cover Of A Woman Wearing Red Print,Clifford Coffin,$100
A Vintage Vogue Magazine Cover Of A Woman Print,William Bolin,$100
Vogue Cover Illustration Of A Woman's Arm Holding Print,Rene Gruau,$100
Theo's Marilyn WW Blue Print,Theo Danella,$32
Nighthawks Print,Edward Hopper,$22
Vintage Art Deco Fashion Print,Mindy Sommers,$27
A Vintage Vogue Magazine Cover Of A Mannequin Print,Eduardo Garcia Benito,$100
A Vintage Vogue Magazine Cover Of A Woman Playing Water Polo Print,Eduardo Garcia Benito,$100
Polka Dot Fashion Hat Print,Mindy Sommers,$27
The Ball Print,Victor Gabriel Gilbert,$17
A Vintage Vogue Magazine Cover Of A Woman Print,Georges Lepape,$100
Vogue Cover Illustration Of A Woman Wearing Print,Reinaldo Luza,$100
1940s 1950s Smiling Teen Girl Wearing Print,Vintage Images,$37
A Vintage Vogue Magazine Cover Of A Woman Print,Eduardo Garcia Benito,$100
Golf Calendar Print,Edward Penfield,$22
Poster advertising Sunny Rhyl  Print,Septimus Edwin Scott,$22
Vercingetorix throws down his arms at the feet of Julius Caesar Print,Lionel Noel Royer,$17
A Vintage Vogue Magazine Cover Of A Woman Print,Andre E.  Marty,$100
The Look of Love Print,Sue Halstenberg,$17
Giraffe Days Lets Tandem Print,Bri Buckley,$20
Audrey Hepburn Print,Retro Images Archive,$17
High Standards Print,My Inspiration,$24
"Love, from Paris Print",Steve Henderson,$27
Vogue Cover Illustration Of A Woman Peering Print,Carl Oscar August Erickson,$100
A Vogue Cover Of A Woman On A Beach Print,Helen Dryden,$100
A Vintage Vogue Magazine Cover Of A Woman Print,Georges Lepape,$100
Audrey Hepburn Print,Retro Images Archive,$17
Drink Coca-Cola 2 Print,Scott Norris,$28
Vogue Cover Featuring Various Accessories Print,Richard Rutledge,$100
A Vintage Vogue Magazine Cover Of A Woman Print,Eduardo Garcia Benito,$100
Vogue Cover Illustration Of A Woman Balancing Print,Horst P Horst,$100
Man Kissing a Womans Hand Print,Beverly Brown,$34
A Vintage Vogue Magazine Cover Of A Woman Print,Eduardo Garcia Benito,$100
The Traveler Print,Steve Henderson,$27
Into You Print,Steve Henderson,$27
Shoes Can Change Your Life Print,My Inspiration,$24
Vogue Cover Illustration Of A Woman Reading Print,Rene Bouet-Willaumez,$100
A Vogue Cover Of Sarah Thom Wearing A Blue Hat Print,Richard Rutledge,$100
A Vogue Cover Of Anne Gunning Under An Umbrella Print,Karen Radkai,$100
A Vogue Cover Of Models Wearing Lilly Dache Hats Print,Richard Rutledge,$100
Vespa Girl Print,Sassan Filsoof,$22
Hat And Houses Print,Anka Zhuravleva,$81
In Red Print,Constantin Shestopalov,$22
Vintage Perfume Print,Lanie Loreth,$22
A Vogue Cover Of Lucinda Hollingsworth With A Fur Print,Karen Radkai,$100
Pink Champagne Fashion Art Print,Beverly Brown,$34
Elegant 69 Vogue  Print,Paul Lovering,$40
A Study in blue Print,Anka Zhuravleva,$81
Elegant French Shoes 2 Print,Debbie DeWitt,$25
Maison de Mode 1 Print,Debbie DeWitt,$25
Vintage Vogue Cover Of Woman With Rooster Print,Artist Unknown,$100
Audrey Hepburn  Print,Paul Lovering,$42
A Vintage Vogue Magazine Cover Of A Woman Print,Eduardo Garcia Benito,$100
1920s France La Vie Parisienne Magazine Print,The Advertising Archives,$17
RUBY HEELS BW Palm Springs Print,William Dey,$55
A Vogue Cover Of Dolores Hawkins With A Floral Print,William Bell,$100
A Vintage Vogue Magazine Cover Of A Woman Print,Harriet Meserole,$100
A Vogue Cover Of Jessica Ford With Flowers Print,Karen Radkai,$100
A Vintage Vogue Magazine Cover Of A Woman Print,Harriet Meserole,$100
1920s France La Vie Parisienne Magazine Print,The Advertising Archives,$17
A Vintage Vogue Magazine Cover Of An African Print,Eduardo Garcia Benito,$100
Vintage French Champagne Print,Mindy Sommers,$27
Antique Map of Ireland showing the Provinces Print,Johann Baptist Homann,$22
Art Deco Fashion Peacock Print,Mindy Sommers,$27
A Vogue Cover Of Joanna Mccormick Wearing Print,Richard Rutledge,$100
Paris - Ooh la la Fashion Eiffel Tower Chandelier Perfume Bottle Print,Audrey Jeanne Roberts,$25
Vogue Cover Illustration Of A Woman Walking Print,Rene Bouet-Willaumez,$100
Conquer The World Print,My Inspiration,$24
A Vintage Vogue Magazine Cover Of A Woman Print,Pierre Mourgue,$100
A Vintage Vogue Magazine Cover Of A Woman Print,Georges Lepape,$100
A Vintage Vogue Magazine Cover Of A Woman Print,Pierre Mourgue,$100
Art Deco Fashion illustration Print,Tina Lavoie,$22
A Vogue Cover Of A Woman Wearing Red Print,Clifford Coffin,$100
A Vintage Vogue Magazine Cover Of A Woman Print,William Bolin,$100
Vogue Cover Illustration Of A Woman's Arm Holding Print,Rene Gruau,$100
Theo's Marilyn WW Blue Print,Theo Danella,$32
Nighthawks Print,Edward Hopper,$22
Vintage Art Deco Fashion Print,Mindy Sommers,$27
A Vintage Vogue Magazine Cover Of A Mannequin Print,Eduardo Garcia Benito,$100
A Vintage Vogue Magazine Cover Of A Woman Playing Water Polo Print,Eduardo Garcia Benito,$100
